Workbook

Sheet ReadMe
A1: ISO 31000 Third-Party Risk Assessment
A2: Self-directed learning project
A4: WHY I BUILT THIS
A5: I built this to practice the ISO 31000 risk process on a realistic vendor scenario while studying for CRISC and working through ISO 31000 concepts. It's not client or employer work, I used a fictional bank and vendor so I could work through the full cycle (context, identification, analysis, evaluation, treatment, monitoring) the way I would want to on the job, and see how it connects to the ISO 27001 controls which I already know from my Lead Implementer training.
A7: A NOTE ON SCOPE AND EXPERIENCE
A8: I set the scenario at an APRA regulated bank and a cloud vendor because that's the kind of environment CPS 230 and Material Service Provider obligations actually apply to, and I wanted to learn the terminology properly. In a real organisation this work is normally split across a risk team, not done individually, so treat this as my working method, not a claim of having run a program like this end to end for a real client.
A9: Assessing organisation: Meridian Financial Group (fictional). Third party assessed: CloudVault Data Services (fictional), a Material Service Provider hosting and backing up core banking data.
A11: HOW TO READ THIS WORKBOOK
A12: Context & Criteria : scope, risk appetite, and the likelihood/impact scales used throughout.
A13: Risk Register : the full identify > analyse > evaluate > treat cycle for six illustrative risks.
A14: Heat Map : inherent vs residual risk plotted on a 5x5 matrix, plus a summary chart.
A15: Monitoring & KRIs : the ongoing review cadence and indicators used to track this vendor.
... A26: This is a learning artefact, built to show how I think through a risk problem, not a finished consulting deliverable. If you ask me about it in an interview, I'm happy to walk through why I scored each risk the way I did and what I'd still want to learn before doing this for real.

Sheet Context & Criteria
A1: Establishing the Context
A3: Assessing organisation | B3: Meridian Financial Group (illustrative APRA-regulated ADI)
A4: Third party assessed | B4: CloudVault Data Services (illustrative Material Service Provider)
A5: Engagement scope | B5: Cloud hosting and backup of core banking data, including disaster recovery services
A6: Internal context | B6: ISO 27001-certified ISMS in operation; existing Material Service Provider register identifies this vendor as high-criticality due to core banking data access
A7: External context | B7: APRA CPS 230 (fully enforceable 1 July 2026); Privacy Act 1988; rising ransomware targeting of managed service providers across the sector
A8: Risk appetite statement | B8: Meridian has low tolerance for risks that could expose customer data or interrupt core banking availability beyond a 4-hour recovery time objective. Risks scoring Extreme cannot be accepted without Board Risk Committee sign-off.
A9: Assessment date | B9: 15 September 2026 (illustrative)
A10: Next scheduled review | B10: 15 September 2027, or earlier if triggered (see Monitoring & KRIs)
A12: Likelihood Scale
A13: Rating | B13: Description
A14: 1 | B14: Rare — may occur only in exceptional circumstances
A15: 2 | B15: Unlikely — could occur at some point, but not expected
A16: 3 | B16: Possible — might occur during the life of this engagement
A17: 4 | B17: Likely — will probably occur at least once during this engagement
A18: 5 | B18: Almost certain — expected to occur, or evidence shows it already has
A20: Impact Scale
A21: Rating | B21: Description
A22: 1 | B22: Insignificant — no material effect on data, service, or compliance
A23: 2 | B23: Minor — brief internal inconvenience, no customer or regulator impact
A24: 3 | B24: Moderate — limited customer impact or a contained compliance gap
A25: 4 | B25: Major — customer data or service availability affected; regulator notification likely
A26: 5 | B26: Severe — large-scale data exposure, extended outage, or breach of a CPS 230 obligation
A28: Risk Level Bands (Likelihood x Impact)
A29: Score Range | B29: Risk Level
A30: 1 - 4 | B30: Low
A31: 5 - 9 | B31: Medium
A32: 10 - 14 | B32: High
A33: 15 - 25 | B33: Extreme

Sheet Risk Register
A1: Risk ID | B1: Category | C1: Risk Description | D1: Inherent Likelihood (1-5) | E1: Inherent Impact (1-5) | F1: Inherent Score | G1: Inherent Level | H1: Treatment Option | I1: Treatment Action | J1: Owner | K1: Target Date / Status | L1: Residual Likelihood (1-5) | M1: Residual Impact (1-5) | N1: Residual Score | O1: Residual Level
A2: R1 | B2: Data Security & Access Control | C2: Unauthorised access to customer data due to inadequate access controls at CloudVault (no MFA enforced, access reviews not evidenced). | D2: 3 | E2: 5 | F2: =D2*E2 -> 15 | G2: =IF(F2>=15,"Extreme",IF(F2>=10,"High",IF(F2>=5,"Medium","Low"))) -> Extreme | H2: Reduce | I2: Require CloudVault to enforce MFA for all administrative access and conduct quarterly access reviews; Meridian to audit evidence annually. | J2: IT Security Lead, Meridian | K2: 31 Dec 2026 - In Progress | L2: 2 | M2: 5 | N2: =L2*M2 -> 10 | O2: =IF(N2>=15,"Extreme",IF(N2>=10,"High",IF(N2>=5,"Medium","Low"))) -> High
A3: R2 | B3: Operational Resilience | C3: Extended service outage affecting core banking data backup availability, delaying restoration beyond Meridian's 4-hour RTO. | D3: 2 | E3: 4 | F3: =D3*E3 -> 8 | G3: =IF(F3>=15,"Extreme",IF(F3>=10,"High",IF(F3>=5,"Medium","Low"))) -> Medium | H3: Reduce | I3: Renegotiate SLA to a contractual 4-hour RTO / 1-hour RPO; require quarterly DR test evidence from CloudVault. | J3: Vendor Relationship Manager | K3: 31 Jan 2027 - In Progress | L3: 1 | M3: 4 | N3: =L3*M3 -> 4 | O3: =IF(N3>=15,"Extreme",IF(N3>=10,"High",IF(N3>=5,"Medium","Low"))) -> Low
A4: R3 | B4: Fourth-Party / Subcontracting | C4: CloudVault subcontracts data processing to an offshore fourth party without Meridian's knowledge or approval (concentration and visibility risk). | D4: 4 | E4: 4 | F4: =D4*E4 -> 16 | G4: =IF(F4>=15,"Extreme",IF(F4>=10,"High",IF(F4>=5,"Medium","Low"))) -> Extreme | H4: Reduce | I4: Amend contract to require disclosure and prior approval of all subcontractors, with right to assess each fourth party's security posture. | J4: Third-Party Risk Manager | K4: 30 Nov 2026 - In Progress | L4: 2 | M4: 4 | N4: =L4*M4 -> 8 | O4: =IF(N4>=15,"Extreme",IF(N4>=10,"High",IF(N4>=5,"Medium","Low"))) -> Medium
A5: R4 | B5: Regulatory & Compliance | C5: A data breach at CloudVault is not contractually required to be reported to Meridian within a defined timeframe, risking a missed CPS 230 / Privacy Act notification obligation. | D5: 2 | E5: 5 | F5: =D5*E5 -> 10 | G5: =IF(F5>=15,"Extreme",IF(F5>=10,"High",IF(F5>=5,"Medium","Low"))) -> High | H5: Reduce | I5: Mandate contractual notification to Meridian within 24 hours of any confirmed or suspected security incident. | J5: Legal & Contracts | K5: 31 Dec 2026 - In Progress | L5: 2 | M5: 5 | N5: =L5*M5 -> 10 | O5: =IF(N5>=15,"Extreme",IF(N5>=10,"High",IF(N5>=5,"Medium","Low"))) -> High
A6: R5 | B6: Business Continuity | C6: CloudVault's business continuity and disaster recovery plan has never been tested, risking prolonged recovery in an actual disaster scenario. | D6: 3 | E6: 4 | F6: =D6*E6 -> 12 | G6: =IF(F6>=15,"Extreme",IF(F6>=10,"High",IF(F6>=5,"Medium","Low"))) -> High | H6: Reduce | I6: Require an annual, evidenced DR/BCP test with results shared with Meridian's Business Continuity Manager. | J6: Business Continuity Manager | K6: 28 Feb 2027 - In Progress | L6: 2 | M6: 4 | N6: =L6*M6 -> 8 | O6: =IF(N6>=15,"Extreme",IF(N6>=10,"High",IF(N6>=5,"Medium","Low"))) -> Medium
A7: R6 | B7: Contractual / Governance | C7: The current service agreement contains no right-to-audit clause, limiting Meridian's ability to independently verify CloudVault's control environment. | D7: 4 | E7: 2 | F7: =D7*E7 -> 8 | G7: =IF(F7>=15,"Extreme",IF(F7>=10,"High",IF(F7>=5,"Medium","Low"))) -> Medium | H7: Reduce | I7: Add a right-to-audit clause to the contract, exercisable annually or following a material incident. | J7: Legal & Contracts | K7: 15 Sep 2026 - Closed | L7: 1 | M7: 2 | N7: =L7*M7 -> 2 | O7: =IF(N7>=15,"Extreme",IF(N7>=10,"High",IF(N7>=5,"Medium","Low"))) -> Low

Sheet Heat Map
A1: Inherent Risk Heat Map
B3: Likelihood -> | C3: 1 | D3: 2 | E3: 3 | F3: 4 | G3: 5
A4: 5 | C4: =COUNTIFS('Risk Register'!$D$2:$D$7,1,'Risk Register'!$E$2:$E$7,5) -> 0 | D4: =COUNTIFS('Risk Register'!$D$2:$D$7,2,'Risk Register'!$E$2:$E$7,5) -> 1 | E4: =COUNTIFS('Risk Register'!$D$2:$D$7,3,'Risk Register'!$E$2:$E$7,5) -> 1 | F4: =COUNTIFS('Risk Register'!$D$2:$D$7,4,'Risk Register'!$E$2:$E$7,5) -> 0 | G4: =COUNTIFS('Risk Register'!$D$2:$D$7,5,'Risk Register'!$E$2:$E$7,5) -> 0
A5: 4 | C5: =COUNTIFS('Risk Register'!$D$2:$D$7,1,'Risk Register'!$E$2:$E$7,4) -> 0 | D5: =COUNTIFS('Risk Register'!$D$2:$D$7,2,'Risk Register'!$E$2:$E$7,4) -> 1 | E5: =COUNTIFS('Risk Register'!$D$2:$D$7,3,'Risk Register'!$E$2:$E$7,4) -> 1 | F5: =COUNTIFS('Risk Register'!$D$2:$D$7,4,'Risk Register'!$E$2:$E$7,4) -> 1 | G5: =COUNTIFS('Risk Register'!$D$2:$D$7,5,'Risk Register'!$E$2:$E$7,4) -> 0
A6: 3 | C6: =COUNTIFS('Risk Register'!$D$2:$D$7,1,'Risk Register'!$E$2:$E$7,3) -> 0 | D6: =COUNTIFS('Risk Register'!$D$2:$D$7,2,'Risk Register'!$E$2:$E$7,3) -> 0 | E6: =COUNTIFS('Risk Register'!$D$2:$D$7,3,'Risk Register'!$E$2:$E$7,3) -> 0 | F6: =COUNTIFS('Risk Register'!$D$2:$D$7,4,'Risk Register'!$E$2:$E$7,3) -> 0 | G6: =COUNTIFS('Risk Register'!$D$2:$D$7,5,'Risk Register'!$E$2:$E$7,3) -> 0
A7: 2 | C7: =COUNTIFS('Risk Register'!$D$2:$D$7,1,'Risk Register'!$E$2:$E$7,2) -> 0 | D7: =COUNTIFS('Risk Register'!$D$2:$D$7,2,'Risk Register'!$E$2:$E$7,2) -> 0 | E7: =COUNTIFS('Risk Register'!$D$2:$D$7,3,'Risk Register'!$E$2:$E$7,2) -> 0 | F7: =COUNTIFS('Risk Register'!$D$2:$D$7,4,'Risk Register'!$E$2:$E$7,2) -> 1 | G7: =COUNTIFS('Risk Register'!$D$2:$D$7,5,'Risk Register'!$E$2:$E$7,2) -> 0
A8: 1 | C8: =COUNTIFS('Risk Register'!$D$2:$D$7,1,'Risk Register'!$E$2:$E$7,1) -> 0 | D8: =COUNTIFS('Risk Register'!$D$2:$D$7,2,'Risk Register'!$E$2:$E$7,1) -> 0 | E8: =COUNTIFS('Risk Register'!$D$2:$D$7,3,'Risk Register'!$E$2:$E$7,1) -> 0 | F8: =COUNTIFS('Risk Register'!$D$2:$D$7,4,'Risk Register'!$E$2:$E$7,1) -> 0 | G8: =COUNTIFS('Risk Register'!$D$2:$D$7,5,'Risk Register'!$E$2:$E$7,1) -> 0
A9: Impact
A11: Residual Risk Heat Map
B13: Likelihood -> | C13: 1 | D13: 2 | E13: 3 | F13: 4 | G13: 5
A14: 5 | C14: =COUNTIFS('Risk Register'!$L$2:$L$7,1,'Risk Register'!$M$2:$M$7,5) -> 0 | D14: =COUNTIFS('Risk Register'!$L$2:$L$7,2,'Risk Register'!$M$2:$M$7,5) -> 2 | E14: =COUNTIFS('Risk Register'!$L$2:$L$7,3,'Risk Register'!$M$2:$M$7,5) -> 0 | F14: =COUNTIFS('Risk Register'!$L$2:$L$7,4,'Risk Register'!$M$2:$M$7,5) -> 0 | G14: =COUNTIFS('Risk Register'!$L$2:$L$7,5,'Risk Register'!$M$2:$M$7,5) -> 0
A15: 4 | C15: =COUNTIFS('Risk Register'!$L$2:$L$7,1,'Risk Register'!$M$2:$M$7,4) -> 1 | D15: =COUNTIFS('Risk Register'!$L$2:$L$7,2,'Risk Register'!$M$2:$M$7,4) -> 2 | E15: =COUNTIFS('Risk Register'!$L$2:$L$7,3,'Risk Register'!$M$2:$M$7,4) -> 0 | F15: =COUNTIFS('Risk Register'!$L$2:$L$7,4,'Risk Register'!$M$2:$M$7,4) -> 0 | G15: =COUNTIFS('Risk Register'!$L$2:$L$7,5,'Risk Register'!$M$2:$M$7,4) -> 0
A16: 3 | C16: =COUNTIFS('Risk Register'!$L$2:$L$7,1,'Risk Register'!$M$2:$M$7,3) -> 0 | D16: =COUNTIFS('Risk Register'!$L$2:$L$7,2,'Risk Register'!$M$2:$M$7,3) -> 0 | E16: =COUNTIFS('Risk Register'!$L$2:$L$7,3,'Risk Register'!$M$2:$M$7,3) -> 0 | F16: =COUNTIFS('Risk Register'!$L$2:$L$7,4,'Risk Register'!$M$2:$M$7,3) -> 0 | G16: =COUNTIFS('Risk Register'!$L$2:$L$7,5,'Risk Register'!$M$2:$M$7,3) -> 0
A17: 2 | C17: =COUNTIFS('Risk Register'!$L$2:$L$7,1,'Risk Register'!$M$2:$M$7,2) -> 1 | D17: =COUNTIFS('Risk Register'!$L$2:$L$7,2,'Risk Register'!$M$2:$M$7,2) -> 0 | E17: =COUNTIFS('Risk Register'!$L$2:$L$7,3,'Risk Register'!$M$2:$M$7,2) -> 0 | F17: =COUNTIFS('Risk Register'!$L$2:$L$7,4,'Risk Register'!$M$2:$M$7,2) -> 0 | G17: =COUNTIFS('Risk Register'!$L$2:$L$7,5,'Risk Register'!$M$2:$M$7,2) -> 0
A18: 1 | C18: =COUNTIFS('Risk Register'!$L$2:$L$7,1,'Risk Register'!$M$2:$M$7,1) -> 0 | D18: =COUNTIFS('Risk Register'!$L$2:$L$7,2,'Risk Register'!$M$2:$M$7,1) -> 0 | E18: =COUNTIFS('Risk Register'!$L$2:$L$7,3,'Risk Register'!$M$2:$M$7,1) -> 0 | F18: =COUNTIFS('Risk Register'!$L$2:$L$7,4,'Risk Register'!$M$2:$M$7,1) -> 0 | G18: =COUNTIFS('Risk Register'!$L$2:$L$7,5,'Risk Register'!$M$2:$M$7,1) -> 0
A19: Impact
A22: Risk Count by Level
A23: Level | B23: Inherent | C23: Residual
A24: Low | B24: =COUNTIF('Risk Register'!$G$2:$G$7,"Low") -> 0 | C24: =COUNTIF('Risk Register'!$O$2:$O$7,"Low") -> 2
A25: Medium | B25: =COUNTIF('Risk Register'!$G$2:$G$7,"Medium") -> 2 | C25: =COUNTIF('Risk Register'!$O$2:$O$7,"Medium") -> 2
A26: High | B26: =COUNTIF('Risk Register'!$G$2:$G$7,"High") -> 2 | C26: =COUNTIF('Risk Register'!$O$2:$O$7,"High") -> 2
A27: Extreme | B27: =COUNTIF('Risk Register'!$G$2:$G$7,"Extreme") -> 2 | C27: =COUNTIF('Risk Register'!$O$2:$O$7,"Extreme") -> 0

Sheet Monitoring & KRIs
A1: Ongoing Monitoring & Review
A3: Frequency | B3: Activity | C3: Owner
A4: Quarterly | B4: Vendor performance review | C4: Third-Party Risk Manager
A5: Annual | B5: Full ISO 31000 risk reassessment | C5: Risk Committee
A6: Ad hoc | B6: Triggered by: security incident, material contract change, adverse audit finding, or new regulatory guidance (e.g. updated CPS 230 guidance) | C6: Third-Party Risk Manager
A7: Annual | B7: Reported to Board Risk Committee alongside the Material Service Provider register | C7: CRO / Board Risk Committee
A9: Key Risk Indicators (KRIs)
A10: KRI | B10: Linked Risk | C10: Target | D10: Current (illustrative) | E10: Frequency | F10: Trend
A11: % of vendor access reviews completed on schedule | B11: R1 | C11: >=95% | D11: 88% | E11: Quarterly | F11: Improving
A12: SLA breaches affecting availability | B12: R2 | C12: 0 per quarter | D12: 1 this quarter | E12: Quarterly | F12: Stable
A13: Undisclosed fourth-party subcontractors identified | B13: R3 | C13: 0 | D13: 1 (offshore processor) | E13: Ongoing | F13: Under remediation
A14: Contractual breach-notification SLA in place | B14: R4 | C14: Yes, <=24 hrs | D14: Not yet contracted | E14: Per incident | F14: Pending contract amendment
A15: Evidenced DR/BCP test completed | B15: R5 | C15: Annual | D15: Not yet tested | E15: Annual | F15: Scheduled Q1 2027

Sheet ISO 31000-27001 Crosswalk
A1: Where This Risk Assessment Feeds ISO 27001
A2: ISO 31000 is the generic parent standard for risk management; ISO 27001's own risk process (Clause 6.1.2/6.1.3) is a domain-specific application of the same principles to information security. This tab shows how each stage of this project also satisfies an ISO 27001 requirement.
A4: ISO 31000 Stage | B4: What This Project Did | C4: ISO 27001:2022 Clause | D4: Relevant Annex A Controls | E4: Linkage
A5: Establishing the context | B5: Defined scope, risk appetite, and likelihood/impact criteria for the CloudVault engagement | C5: Clause 4.1/4.2, 6.1.2(a) | D5: A.5.1 Policies for information security | E5: ISO 27001 requires documented risk criteria before any assessment begins; the Context tab is that evidence.
A6: Risk identification | B6: Identified six risks tied to CloudVault's role as a Material Service Provider | C6: Clause 6.1.2(c) | D6: A.5.9 Inventory of assets, A.5.19 Information security in supplier relationships | E6: Supplier risk identification under A.5.19 starts from exactly this kind of register.
A7: Risk analysis & evaluation | B7: Scored each risk (likelihood x impact) and compared it against Meridian's risk appetite | C7: Clause 6.1.2(d)/(e) | D7: Feeds the Statement of Applicability (SoA) | E7: The scored register is the evidence an auditor expects behind SoA justification for supplier controls.
A8: Risk treatment | B8: Defined a treatment action, owner, and target date for each risk (MFA, audit rights, DR testing, subcontractor disclosure) | C8: Clause 6.1.3, 8.3 | D8: A.5.20 Supplier agreements, A.5.21 ICT supply chain, A.5.22 Monitoring supplier services | E8: Each treatment action maps to a specific Annex A control, this is where the register becomes audit evidence.
A9: Monitoring & review | B9: Set a quarterly/annual review cadence and five KRIs to track this vendor on an ongoing basis | C9: Clause 9.1, 9.3 | D9: A.5.35 Independent review, A.5.36 Compliance with policies and standards | E9: The KRI tab operationalises the continual monitoring Clause 9.1 requires but doesn't prescribe how to do.
A10: Recording, reporting & consultation | B10: Reported results to the Risk Committee quarterly and the Board annually | C10: Clause 5.3, 7.4, 9.2 | D10: Supports internal audit evidence trail | E10: This is also the board-reporting evidence CPS 230 requires directly, one artefact serving two frameworks.
